x,y,label
8.55057361465333,7.811962265133215,2
0.6040578710086552,4.815470339619712,0
5.680704669707933,9.342971296686038,2
-0.9409717548152605,5.686262270739637,0
8.687081674161334,6.941547886554988,2
-5.905085140456446,-0.34529095707127055,1
-4.843158221353983,1.872432349699841,1
-5.616928968926576,-0.35571862322643444,3
-5.090562190879808,-5.535105327063993,3
0.935036277705778,6.135707288774416,0
2.9499274894056455,4.958636449087192,0
-7.477969227606364,-8.876901631154869,3
7.7738457232271445,6.5877670485364455,2
-7.045777060564786,-4.777332410777321,3
0.6599518381948716,5.490965965118282,0
-4.830138655335833,-0.7474742116786054,1
-10.091324705995122,-6.450002264553245,3
0.3696229684131067,3.3525510566762646,0
1.3844856842184967,4.519853468201752,0
-3.989406813315768,2.516456260445553,1
8.120609715917139,7.954293747210612,2
5.336024434124374,8.498906563807266,2
-0.5197196583981931,3.0934666521940217,0
-9.580898020296699,-6.78463289241793,3
-5.429865587083592,-6.746000115385561,3
0.8963466442131517,5.0096847298039915,0
-4.7695944694086245,-0.8040860387500492,1
2.822991632915795,3.292503209100217,0
1.2069208378508456,4.51549697165873,0
-6.219448479547909,-9.241493345331946,3
-6.386237641992347,-2.4392245287598646,1
2.912925418770393,2.8421894512849932,0
-6.39846889799678,-6.687432685783641,3
-4.921133918323852,-1.3256677306465823,1
8.068526148461006,7.82562733735523,2
2.2557618237969814,5.766915036158144,0
1.9130924766883652,3.9169551960402362,0
-0.667923901586964,5.505860632553958,0
10.797096297921735,8.428010043008921,2
-10.482344634243224,-4.811269782100343,3
-0.29486539515194,4.20752717540362,0
-4.523919484442032,1.3968323369173057,1
-0.01910307145511725,7.159469422273913,0
-0.8771234647112105,5.348770312513212,0
5.594185877167725,8.711414897643651,2
9.232342333772039,6.957517944236724,2
7.802878944010156,7.181021019059688,2
6.844553028716918,10.705813642683012,2
-8.323461911850057,-5.800047518856873,3
2.5272704735568574,2.1204721176440637,0
-9.271985205469832,-9.491728005810693,3
1.1056437795519742,4.661312650394735,0
-3.8044358318688323,1.4144253967521723,1
6.114430753201953,11.48784260726665,2
-4.692018544101648,0.13012897199886087,1
-6.688924932610686,-6.278120176815522,3
-0.5094185607287502,-2.5605283057202612,1
0.021815926670691876,6.907498666338602,0
-4.728055691337315,-0.40444677920032623,1
1.3080487832139085,1.2304784038290189,0
-6.4051052647495075,-7.976599415451382,3
-10.002746452672977,-5.321061158055464,3
-0.33160240619507864,-1.0910195132651577,1
-3.024503231653553,1.0811188745565916,1
-1.781250644990486,3.783732470936795,0
2.0714392916318123,4.545808645692486,0
-9.33746915048796,-1.339843335248779,3
-6.542334297363293,-5.6836799777614,3
-0.9888001843635932,6.673298909824954,0
-0.5602538572430111,1.8220546117460863,0
-8.410901375955826,-6.653477075476812,3
-5.441225877701025,2.743329328644809,1
6.526274678164508,8.350522370725889,2
-7.276781490818271,-1.196738625615186,1
6.427893285062556,4.715034937556451,2
9.258965104407295,8.93972978770501,2
-0.21658160307867558,5.131749966215558,0
-1.6890548178927247,4.811787958339622,0
1.6082604046405673,4.473713762193229,0
-8.09537673006109,-7.029731524626197,3
8.42165548096534,6.867444347232354,2
-9.257360722651004,-7.756715811024316,3
7.827333232561567,8.43393170138076,2
-0.18124567730297292,4.296932421785729,0
-6.684582234146204,1.520897336181656,1
7.00212597804508,6.298573794768661,2
1.5550036643626286,3.913289454788294,0
6.574418232598141,6.351673187716277,2
5.838034978787135,11.172658889300404,2
-5.693693447638883,2.9607604966690646,1
-0.2619291005075257,3.052706859354563,0
3.4596260114467485,6.328194099759913,0
-8.108270836343966,-4.1983389502419035,3
-0.9153038443658406,0.02360356878621711,1
10.098675224060846,8.758836749523518,2
-3.8659881991139278,-1.0703652334564073,1
-5.137587597358234,-1.929860448040968,1
-0.954839078552514,5.489890023111473,0
-1.5256241189474893,1.2783007069897383,1
7.454751016835327,11.238459391735896,2
1.2338461697105048,2.732469278170967,0
-3.0600286339661236,-2.097469144443794,1
-4.392329639673748,1.4616041191789204,1
0.12098358896521044,3.2800648828297314,0
-3.4038496801792446,2.5635174943074914,1
-9.408050384532475,-5.1181850603175105,3
-2.592630183001522,-1.2099419232404207,1
0.22008483495885256,3.0671664868221002,0
-5.1524518194548845,0.6183649065972463,1
-8.664798753128414,-5.552571591244551,3
-5.148564259645757,-0.9395634130091124,1
8.972876260208992,7.120503721753996,2
6.616936436512582,5.806322488737033,2
-7.146292234932125,-4.657289359229135,3
2.302078702761915,5.313367438079647,0
-10.480173605937853,-9.520929882500562,3
-5.5729614418065525,0.34822269393546157,1
-4.9761623813106795,-2.5515136868936574,3
0.24926456266213814,3.9786913439425367,0
-9.62441403036214,-3.662582045053936,3
8.470289161698831,9.794284324524044,2
6.239306534182985,6.803148402217492,2
-7.06286025871469,-7.117414352929121,3
-7.583144409418025,-4.771481560464681,3
-7.51431181260347,-2.985199277761933,3
9.137902319247349,7.961511830464874,2
-5.671424377541182,-1.0153546457931708,1
-8.641828826555882,-4.955212921627997,3
1.1495381076886153,5.331301805782463,0
9.170289581841086,6.0760650556856834,2
-5.394273828815398,-2.9057548979302963,1
7.768191394206584,5.402830153210701,2
-6.950984263465911,-4.964630463252744,3
-3.1701817286825147,-0.3868787724306637,1
8.453271321540349,6.933864404453039,2
8.043637125955687,5.7525721257134,2
8.245726580980733,6.203412095324353,2
-4.693887988868248,-0.9499830098545206,1
6.626742203091562,9.603116352909527,2
-2.8454171412220997,-1.4209168684695794,1
-2.000498037622413,-0.24991831797423825,1
1.363059193023736,5.952164200694403,0
-10.416328905598384,-7.855785444907797,3
8.122025151221898,7.266810204730705,2
7.628477946636825,9.555399970976794,2
0.8489177760311114,5.045761083333337,0
-8.429908791629483,-7.314024306652891,3
-3.0918961583506075,0.8360408945713202,1
2.620655589176999,4.412735717389496,0
-3.483720987077394,-7.977769309449268,3
6.334461280672151,6.798520301022439,2
7.1958401387972515,7.6694594376310015,2
-6.730121967702802,-5.332753553610727,3
1.213344436940522,4.985565553233943,0
8.11376893913396,5.042944207537803,2
7.202194298476528,8.353576629591801,2
0.9502307980276168,3.4471294068228415,0
-7.045211254888351,-7.4532284389829595,3
2.103243284928751,5.951235816965805,0
0.3758450199991994,4.387742787203733,0
2.1883150531339934,4.425610630897384,0
5.901837714056624,8.363977815781904,2
-3.603163218254488,-1.8177902439557023,1
5.18500652573085,8.377020309271938,2
10.879362506174726,7.865203956644891,2
2.4864490428435824,3.533150412085098,0
1.8439076638346434,5.570229355052443,0
-7.732090568354177,-5.775826417846256,3
-4.594854292393389,0.4872111390619176,1
-4.109652926953022,-7.360234799538262,3
7.139254592800556,9.9160192487273,2
0.5976441301654559,5.631114629055452,0
7.714588996680126,7.245698177206218,2
7.886526691209923,10.450592890595956,2
-5.622523389353729,-6.841496562776322,3
5.563426003013884,5.9989151522238355,2
-5.767324758972906,0.42826089793879046,1
-9.198733486663041,-5.661604490867874,3
1.019624294475362,4.799910033651881,0
-4.651018140844903,-4.1911269945485845,3
-3.752031821987389,-7.307476710113992,3
-3.3592208977951263,2.3200288869574464,1
-5.818807127670448,2.4748090380075753,1
9.403014301710662,9.225280888054627,2
-3.8064065665814497,-1.835586277826878,1
9.144397660831537,6.38291889446629,2
3.2708509805497386,5.5254345268728,0
2.1644531540876697,2.3003466618087502,0
-5.044003092516971,2.221669842393693,1
8.324312575727868,7.1490807383479495,2
5.2193256624965585,8.37956800195298,2
-9.136901070591643,-6.056123403044455,3
3.1620041090549043,2.60089487261037,0
-9.371998556934756,-6.060164209784118,3
6.315920089050813,9.203285232207481,2
8.193093552095155,5.017017378488404,2
-3.517634676272115,-1.6204929443175464,1
-1.6422721889252179,1.347299616633122,1
-4.490175830157682,-0.15895081556390178,1
7.042885722363734,7.1170438292507505,2
-3.8478640756501328,1.4125478947480006,1
-0.06309704230246593,3.715542391359756,0
-5.25979929328023,-7.845057699014486,3
-8.074636419533894,-6.422701881727397,3
-3.4497299169357145,1.2251589933453126,0
-2.2087331040110545,0.023315488026682485,1
-4.63974146089033,-0.08801769761282435,1
1.2445107968320763,6.52195855428052,0
9.017790576892356,6.878794097950632,2
-4.1363534012270184,0.17303928802696256,1
0.7644101473418131,6.746960249132145,0
-0.8153948283526908,4.25237960199759,0
10.102194553466619,9.905618137155924,2
-7.837401285993172,-6.8063836297547295,3
-7.174507255673497,-4.989637190531876,3
5.937271361188227,8.69170313929893,2
7.681160349862429,9.036918786529402,2
0.3026707647716377,3.914290917664939,0
1.3073259242569575,4.094119409407851,0
8.307156196401815,6.921472756416435,2
-4.696936854772275,-2.538311406631035,1
7.456038067185023,9.946267938247065,2
2.1314135076167933,4.367154796938495,0
-5.3631387285513785,0.3109382753019461,1
9.185905250001747,6.102416153904397,2
7.08383712258769,6.994947433439767,2
6.8363184167095365,8.037586769594828,2
-1.9016503417691055,2.423372025876934,0
5.030126752972043,4.056127911621254,0
8.138301342872355,8.253176666750306,2
-1.6907741722752183,5.794351982505759,0
-4.810602825284602,-0.8336276596615624,1
10.72247948717259,9.047358791745056,2
-7.663590936372338,-6.022612770207667,3
-0.18969109037335552,0.5343316925940913,0
-6.666823298569734,-3.5713901427244372,3
-4.076021696831986,3.739449638037778,1
-8.785926923827377,-4.921509772168762,3
-2.6408491525205604,-1.374065272956582,1
-6.67086037882329,-6.795631996737994,3
-2.7463691744008627,0.7296168730212998,1
-0.5814082477874103,5.516508526829036,0
9.993690307422405,5.938372483203997,2
-5.903515092272548,-8.143558698832516,3
1.465211548301954,3.502969485520148,0
-6.5967812952014135,-5.826359326301886,3
0.6911533790287141,5.228416332900508,0
2.3356399808286112,1.229305759807541,0
-3.2704739979646735,-0.7483241741907182,1
-5.7975256605330365,-6.026425027853548,3
7.874852992847436,7.048704763504385,2
-9.15208358229074,-4.859434319715421,3
-1.2796398379419789,1.6552725770059908,1
0.09329520486974041,2.5697222672203504,0
-4.774569725594327,-2.217460129954697,1
1.7024383220540482,1.737486484544581,0
3.2472727494803184,2.4855054257615485,0
7.169674405518306,5.365116286886927,2
-4.3227637788280155,2.0370170056792127,1
1.3960128999755685,5.432167482003837,0
-4.724739271286324,1.2212883784208504,1
-4.296028118018413,-0.7292688219224397,1
9.378740116919948,7.139546818846444,2
-0.4777333151947667,4.678648230109545,0
9.840263447002942,7.516563735249319,2
1.7593286442568448,3.3071122163547875,0
10.16243350044179,8.123221992739644,2
9.694045905635607,11.759672081435344,2
7.571679473384261,7.078798218071762,2
0.12190494946584474,5.425992816017825,0
-8.1592015439766,-6.560297466531923,3
-0.3208764656209331,2.666031588304111,0
-3.8215231585852214,-0.8166475922077303,1
-4.791681481511902,0.7079432658465222,1
1.9835510289673728,4.632547013398256,0
-4.765475751721419,-4.91172193550511,3
6.669840439056276,7.873123159823192,2
-7.316309609622522,-6.06855952004222,3
1.5770726589493524,3.088211730654576,0
8.57859735131832,7.926640717395454,2
7.451866269536254,8.548318178270925,2
-6.18545621005898,-6.445122355085012,3
8.603175720889407,6.7195294856027985,2
2.337935114802804,6.727316047841518,0
-5.85299253463642,-7.678815018782835,3
-3.5581406624166876,-0.5334000493875029,1
-4.73738401119932,0.2092278662062821,1
2.913064398923553,6.212445932402287,0
1.370566444937935,5.386363151346175,0
7.238462003272218,7.61089667355013,2
-8.545671706047083,-4.810816837284462,3
-4.584843575018331,0.2825127102969536,1
3.509252778711066,2.296820768922287,0
-6.066193590991342,-0.5399543130613647,1
-4.002319086037252,-2.0921316245218105,1
5.781033592397427,7.318189730604091,2
9.148502489858167,7.671991571333229,2
-10.448409200741146,-4.753487184660887,3
8.37435948608001,7.386786431016628,2
5.098880820209531,7.804926521577625,2
-3.8499984854158824,-0.9390248926096016,1
-4.963219427305745,0.2788523204607002,1
-5.164054794272587,-6.411868913915914,3
-7.331157020025383,-6.125810267918352,3
-0.3188754170796546,1.791538387893234,0
-7.395949787902214,-6.0552991260926055,3
8.436313715583893,10.894961553201881,2
-5.060710686874854,-7.348364337265071,3
-7.114100407942459,-5.016110803807855,3
1.35443327716972,3.842964420914116,0
-8.217419319227858,-6.785348252717638,3
-8.753948496195394,-4.741572040045527,3
7.440889721587422,8.513874547166296,2
-11.686455130772394,-5.997697265332064,3
-0.21321858661930326,5.184282628350948,0
7.886703093261908,5.939095982313072,2
3.032064988037696,3.925190065732533,0
-7.624913651572539,-5.090407761600633,3
6.5664772045533715,6.401353708131689,2
-5.999639336113722,1.9037139622890464,1
0.8050280109676318,5.658589003002573,0
2.8058369202341478,2.5493711279416367,0
-8.334856422413326,-7.654671453437674,3
-7.739950329179651,-7.222487953120374,3
-7.342804121054556,-5.075828042826385,3
-3.990880666267276,-0.17351871740255742,1
6.984511751367473,10.60362544390621,2
1.128049742416415,3.220580242155945,0
6.095339403984873,7.906792390096949,2
-5.006543697940783,1.9625696166079418,1
1.7433560206960934,4.433431428734554,0
3.517995957815386,4.5524890144145465,0
-7.985113064131524,-6.280093169121212,3
8.100145133782483,6.123396249152571,2
6.842964591916199,5.999039439149979,2
-7.160193751331626,-5.188818866020984,3
-1.6334464364983825,-1.972561963610111,1
-0.5262517604860149,2.5965695706164107,0
0.6310723247816071,3.6755490250589142,0
7.64845018730763,9.936730448569563,2
-10.27623742590899,-9.100636635675164,3
-3.4257261600256537,-0.3279240663212011,1
-3.4530333807067906,1.9822696925731322,1
-3.80232017072354,-1.565032902810454,1
0.2280610837580589,1.6495045010852025,0
-6.855696080557445,-7.279111922929101,3
3.2928324383381526,9.134412811189137,0
-7.569597521935817,1.8508805344810293,1
8.238251138370947,5.820885277164363,2
7.305399128823622,8.719415800060242,2
5.393921551719187,7.724324633734232,2
7.72427064568291,7.107097985004375,2
-1.7664071089187834,5.886188346314103,0
-4.639650706427491,1.2734686587840975,1
-3.484827818030336,-1.4268801676456833,1
-5.7014454979027835,-6.041853007329649,3
-8.841194177947118,-5.656604160634046,3
-3.0559934519202883,-0.5477874325716034,1
7.5908077205796785,4.253198848043754,2
-4.213778330795568,-2.9501523265528427,3
-8.880456406849758,-5.738146777076597,3
-7.883678603059833,-3.2326352774307447,3
-5.571887451478015,-1.2087193763052773,1
2.6898758283642454,4.117501401560424,0
0.2065961334430636,1.9647483202143219,0
-9.146996596592723,-7.314841635982244,3
-7.059338019729439,-0.44711295326876366,1
-0.15381808160461197,4.315987782976437,0
-5.194117060315224,1.5258730673357968,1
-2.2227515596703373,-1.2291596870655603,1
-8.735803373531635,-8.893744377439779,3
-8.307125737244823,-5.5973339828649165,3
-5.503195430312677,2.4716500044875334,1
7.671863403380307,8.161503157397627,2
0.39166102879628717,5.2499429397212705,0
-0.601320314534612,3.90117744580858,0
-4.134876557430196,-4.390775991103155,3
0.7198360327541343,6.824923999470998,0
-7.175952699825879,-4.548852980380615,3
-3.8310874120757097,-0.03316786357753132,1
8.703002889728669,6.246218527496626,2
-5.74796111773387,-4.308056527643574,3
0.1293399437626962,3.3883304006793846,0
-8.452015165878025,-7.109699715202195,3
2.1694057880290387,6.212320717700473,0
1.598333672918851,3.5822656805951514,0
-4.582695090005217,3.2920703340719326,1
-8.391898540977396,-5.713482738662894,3
2.832104805890307,6.32511327120242,0
8.008091436809293,9.86564681535757,2
-0.40550542223773034,3.247506880017533,0
-3.6975410319030217,-1.9084318658212283,1
1.8290715638618094,4.64910053692217,0
-4.354964258808181,-0.36551231657877414,1
-9.631142363744722,-7.014945994776472,3
-4.717998790079308,-0.37108925984962227,1
10.31863676459467,7.690028870701135,2
9.968268382708125,7.025589247444524,2
-3.3512138162848903,0.006980130141007235,1
-3.8532394028865014,1.0164701454951697,1
8.020103622286479,7.340225950007452,2
-1.2464500405074177,0.5334718152090006,1
-4.9931538874664465,0.22603663485160208,1
3.4448157783869844,4.932595964965857,0
-6.217681932708968,-6.21626872310818,3
-4.7019657419623115,-2.5934535854706326,1
-6.8951457000592775,-2.0284308751564746,1
4.315319905113622,8.357760357942563,2
-5.375096892617773,0.590402377293562,1
-8.31311926495755,-4.944920614711064,3
9.516023467411294,6.615882213802574,2
-3.919404293077174,0.7317112712438425,1
-1.956674721775879,-0.14556300767227898,1
-6.445816888710884,-6.902862005712323,3
-4.535594859467302,-5.56213550010707,3
-0.8502269419423962,3.2233310855795416,0
2.2847081620772824,1.371622158948925,0
0.533581011853234,4.389652009841583,0
-6.938410770385115,-6.81900698610806,3
-7.043853905825768,-6.5974266925905445,3
9.503331392880831,6.989239043300888,2
-4.531751917540563,-0.6544550367275683,1
8.82363700450168,9.096766962053783,2
8.440583228657605,8.422035847928484,2
-4.32462447113171,-1.7252799824389216,1
-10.29387975172574,-7.071790634886989,3
7.289910661085388,8.305641735252806,2
-3.5708513796886296,-1.3730681357221495,1
0.030071823867293346,6.592102662323153,0
10.97415452942861,6.557499222825016,2
8.849496966708607,10.163553476004898,2
-4.830076315852591,0.38691365194254956,1
7.215292052353519,4.786556598267495,2
8.857809834576708,6.3892885242247015,2
-0.76161173903875,3.854481603228284,0
-3.297533853663218,0.9514674508057163,1
2.422743442788172,3.5481596515463205,0
-6.858950035323896,-0.8435056555983167,1
1.8588855601246381,3.7222245956056805,0
-4.375553161131563,-0.5305231750948,1
8.12720700594097,6.776971550517896,2
0.48155191232139194,1.5482448969319074,0
-9.566426308870547,-6.8414050926189205,3
-5.033307026139722,-8.97807137446759,3
8.388282324667026,9.47890538379838,2
0.5749081799577461,3.131167187610971,0
-5.562953855219414,1.4468798800812688,1
-0.600846031971066,5.300501954344992,0
-2.2087548196167024,-2.3351163578228524,1
6.823250773002834,6.414222093155733,2
-5.101060486081198,-1.2438225760139532,1
8.135825489900215,11.23019526598943,2
-7.220207742660474,-3.1225117984290747,3
0.9880164781560706,4.888249633474556,0
3.774685882272487,7.636744348237773,0
-7.080908454139183,0.6959177404704753,1
6.627601317238301,4.966828897930926,2
-0.8100618091060834,1.3298119833698099,0
-4.567290278768824,0.43385425541544764,1
-3.111368052131142,-0.4661764594424982,1
9.48090053787228,5.3617996141919075,2
-1.0400454673365154,4.520801240970948,0
8.01033167207802,8.035597145043846,2
-5.152130283066369,1.2905681908826634,1
1.181323365127288,5.032271472404557,0
-6.75405104503929,-5.704833660239208,3
-0.34378399936998316,4.295579261665105,0
2.2381798633684973,3.3829688212157505,0
-4.503130967864899,1.6935239203310355,1
-0.9707749944507835,0.7402679799212892,0
-6.778596611330211,-6.070057175136343,3
-8.781162484231002,-3.824503828129239,3
0.13512758299904126,7.029196729396644,0
0.462191433716413,4.733852829232548,0
-2.585481784886547,-0.5456419008621083,1
-3.906937032640068,0.630988860842586,1
-5.811724070737168,-8.420901204620801,3
-6.424930210059358,-6.260842709621172,3
-2.819131746850637,3.759520486962687,0
1.6378249591928038,1.9469736855100015,0
-9.289370430916769,-5.597114928064383,3
-2.8307103059867242,-1.855683815197085,1
6.059510905321757,9.020416603258628,2
9.606925099489985,10.095173696439689,2
-3.0082968641584187,-2.1135724236514797,1
5.352645157253468,6.4810806796317,2
-7.390587924891979,-3.1066446103973386,3
1.2229800340035646,5.572210733655228,0
1.744563859133498,4.549801928100019,0
8.879914012771296,8.953733360519262,2
-1.3340114982954185,-0.5631025766916398,1
-2.5775420275028265,0.2644340469446029,1
-3.7980645758126275,1.876375470576042,1
2.6782393013939982,5.842042435340433,0
-4.38096212927109,-1.6318354819881142,1
-3.654031190661385,0.9597043804695694,1
8.567690932067219,8.94130729233435,2
8.957699915538003,9.601291317264605,2
11.529523501213749,8.167603835897578,2
-7.815396807911799,-7.536787321401984,3
9.685600939168202,7.196625328315118,2
-5.71386263332555,-5.661315614811539,3
-7.83546521700071,-6.096697050504784,3
-9.344008548397557,-7.046378848056152,3
-7.770256124806981,-4.499813137885655,3
7.4329285489241155,9.597669491033338,2
-7.4929666659058,-5.590033391859087,3
-0.8374968846676745,3.95177678908516,0
-9.983669745439084,-6.697694808705386,3
7.722489230291047,7.213521730188506,2
-3.789632946809121,-0.7415154220237932,1
7.151238042837687,8.018429184121393,2
8.395846126987147,10.13413076853448,2
-10.328007169008794,-4.423811457205669,3
9.220627928536327,8.036855141746557,2
-9.290305365010234,-6.200122158959774,3
0.4115856345237533,7.63961851380486,0
0.9798013463846641,2.829970325582672,0
8.652363760502757,5.9935236121633295,2
-4.240974972984976,-0.6194200669060672,1
4.6043788048721375,7.33325817643882,2
-0.352178318209319,3.9288688481178466,0
-5.709418887592694,1.709126289458176,1
-6.719024182913955,-7.950484500191438,3
-0.0013609675202186367,4.802609064022208,0
-0.21987110597108472,5.342500829187379,0
6.310023287509834,9.573851495900236,2
-5.370488541041036,-6.298987286849984,3
1.9408248764650378,2.9065092822188863,0
-3.58250977845931,-1.7496693061722985,1
-3.7626906425139777,-3.6399154517730277,1
8.204942246038708,10.361178163860645,2
6.1748912485843785,7.738828182601468,2
1.6549081762661855,3.939435794038843,0
-6.676321197348158,-6.877344365271517,3
0.3849488072935222,1.3473300035491005,0
-7.577667005127187,-4.49533738467952,3
2.500317245208844,6.171678897491025,0
-0.9722135518133852,1.2835608759574364,1
-5.065542175135112,0.22370210546709823,1
-4.800872016801885,0.5120125905877959,1
-1.7566718768673688,0.05121956269166017,1
-4.190232004339828,0.808805095660972,1
-7.563013578266322,-6.642997909252836,3
-6.293896473489595,1.068826205468056,1
-7.600839171096355,-3.225128462003445,3
0.3632205075179552,2.278084027329309,0
9.233772633639001,8.366408604433653,2
2.671840548399003,6.985588939023324,0
-8.990669609357466,-6.779544513825677,3
-7.668528152992078,-4.136290652542277,3
-0.41146776977161537,2.9765966594527136,0
7.081652023525278,7.2591116701108405,2
1.9812902949948088,4.463659872971055,0
-2.7656228950926693,0.8363851958742257,1
2.588329004617497,3.2002136561282155,0
-4.6284729008829135,-0.9992532758514108,1
-4.6076842964211515,-0.4319134078245688,1
0.43345799362732684,5.64109531140949,0
-8.21341511796519,-0.30454779381549724,3
-8.00221423741212,-9.293382098962422,3
-5.933405070837848,-4.451735163539332,3
-3.640519785223719,-0.25803099916406624,1
-5.07281371216321,-0.864822201407246,1
-2.379531085706265,-0.2172345523319093,1
8.88743108687663,8.227698107128921,2
8.37208024291965,9.338893095554312,2
8.08958780178299,8.594514029034045,2
4.045434014634541,4.65234986178508,0
-4.140999857315227,-2.190005335171048,1
-3.4303949013149593,-2.479845545562312,1
5.750456614507673,7.4512562823199335,2
0.47979695839885705,3.185076146467182,0
1.8514048438795725,2.4090427565800425,0
-8.371508238497968,-4.413674904850499,3
1.62046714494041,4.774060662143841,0
-0.6532136741667345,1.704012081386621,0
1.6846294894712233,2.9888928871908997,0
-2.4294683146484353,-1.9767745552701874,1
-6.0393029898587995,-4.590396751447274,3
-5.415138552170785,-7.24757888709204,3
-7.717750715680714,-6.808593847440121,3
-6.661863771880421,-6.99231260962949,3
-4.729225360559933,-0.04318334489935466,1
9.064999210955806,7.213109615261207,2
-8.344936515115364,-6.977256281313581,3
-2.0152576713104997,6.709877746136378,0
4.08545721603865,5.163438226749642,0
8.423460131635464,7.874079135343565,2
-7.1324922277236364,2.3542907709409744,1
4.609111665757886,9.335454378393244,2
7.304358371770353,10.765613647858109,2
10.613326464673655,9.740714199057532,2
-6.783365121438389,-7.918914398332383,3
6.526391467465764,7.987911836100022,2
9.577671588137093,7.316757270996846,2
-1.5601434147483277,3.441416453999551,1
-4.9864401156554585,-7.7691034258910445,3
10.13676269740865,9.834901219773773,2
-0.21379205815034474,4.366867015210991,0
8.189334787462146,6.368315945496969,2
-7.721082077541604,-6.32389068058246,3
-7.31177175348163,0.203322637614707,1
-0.1775433082068807,5.586657212146147,0
-4.741408951085784,0.9956233070612428,1
-10.032085236871763,-4.922348955448486,3
9.563934334236714,8.482807047223448,2
0.14061540005956874,5.861388546362496,0
-7.0367690585143805,-6.993261270528588,3
-2.3928643549576742,4.909660953496687,0
-5.081087950897636,-6.102191050173723,3
2.3002147165641063,6.033733006897791,0
5.902547258524064,6.316884838591845,2
4.473081620391445,4.995626559547005,0
-6.9116705536932965,-5.260722467490298,3
-0.8654746815465562,6.187377714541613,0
-5.233435034413034,-2.164690284366254,1
-5.965190880858532,-1.7724042876028934,1
-0.37048256126522494,5.48490815114132,0
-6.391641599222723,-4.712964629708809,3
-9.555912659301365,-4.070114080526161,3
6.562446786494307,5.112530055235088,2
-3.9141143995640597,-0.5118645339838297,1
-5.602837847050939,-5.352733977700588,3
-3.357648576197559,2.7051956985031818,0
6.7521104866419845,7.011878519772596,2
-4.939914964423086,0.1909471948237371,1
-4.457108324822567,1.114974741879302,1
-3.2602821946638287,-1.7673613625125415,1
-4.538886310811633,0.6552253020052463,1
-4.30328824863667,-2.051723528518819,1
-5.161059369822021,0.45459803674514787,1
-5.315572430257667,1.5864540783270595,1
-7.0905623876997455,-3.51152249952476,3
-1.8308490899326904,3.13209372522914,0
1.9807029723850869,4.536586512450847,0
0.10058252612840568,4.1722866264876535,0
-4.7118497328836435,-0.866003422406745,1
6.656953479912669,6.031917602088862,2
-7.935308480443895,-5.696900341986458,3
2.30799447231717,5.541468648929964,0
-6.021516012904444,-7.256571316435359,3
-9.093701343900685,-6.6222838032983775,3
-2.838433928094603,-0.9061605065285638,1
-4.655181897319628,-7.9429951805150765,3
-6.068516941340253,-2.792829355979258,1
-3.90087596442484,1.1987278669616872,1
-5.641598213394023,-7.205466539711759,3
-8.488871750489468,-4.060106820969407,3
-10.46267848734888,-6.853089458480076,3
8.738395710193915,7.432256036928395,2
-6.575498193299857,-5.9031872808932055,3
-0.16959048228658302,5.603893657311876,0
5.650702359423049,8.218805360122591,2
-6.9296964662757725,-7.2837903129483585,3
5.083847553286517,5.104167285972164,0
-2.3915891843345083,1.4560825208736992,1
-4.647455730355093,-5.798293950112013,3
0.9492677951810785,4.421534970609229,0
-5.854196815725565,-1.6293169953387827,1
-6.655703316988556,-6.160168486070806,3
-7.1369942229306975,-8.608605277275796,3
-6.26335796037192,0.707504202236807,1
-2.998823996069264,3.5178055417465766,0
-4.743965272311211,-0.2645491920739047,1
-4.021978580580793,0.7502877942372502,1
1.663593542984163,2.624004007833375,0
0.06885434024753567,3.8060169248833895,0
-3.1190998452507364,1.2860975220408104,1
2.372750781629607,1.3644796936348387,0
-6.194070676108769,-7.3035692801082845,3
-3.7370755401227393,0.14719778029992275,1
9.400487231405558,7.853391830745343,2
-1.3512046513627984,-7.719928329314802,3
-8.947008169821789,-2.513067087161524,3
-5.103008100037117,-0.03908858694449202,1
2.2969031089760916,6.543256266961517,0
-7.404897318182325,-6.594400616135887,3
-3.05476436024706,0.40681959976477666,1
0.6240973244834813,2.2158864958578723,0
-5.9944222909904905,-3.4907763099494145,3
1.447443894557801,1.4707458993786124,0
-7.366299205231935,-6.902639366610408,3
-0.9133859399495534,2.4473737128564053,0
-7.968286827561937,-3.5556114788761053,3
8.058322276770769,8.805468096303718,2
8.377820631916256,7.078486578209969,2
-6.976099609159997,-6.026518383544965,3
7.013175299843382,7.183712969918574,2
-4.266584904722586,-2.9126608028977534,1
-7.0442750181143685,-4.369411924770345,3
1.3545834508602392,4.593509199404332,0
-4.741436392253638,2.165770882466629,1
-4.927950528414622,-0.5604959548061752,1
-8.610863169250859,-7.0611257892672645,3
-3.8804895255924836,1.4247189360701555,1
9.642973562058058,7.053450795821216,2
0.6057769393219199,3.6347279690643024,0
8.17585737439868,9.406340114428705,2
-8.792504304691427,-7.47195030308114,3
4.067823220925328,6.428899888410127,0
0.32618882616436073,7.149063170845464,0
-4.222341283697807,-0.6478430773826287,1
-8.069307094855793,-5.130360693597238,3
-6.852933451138345,-6.402465573932819,3
-4.988400780555956,1.1748145572235036,1
-5.994514491656961,-7.024846340867333,3
-5.799740620165057,1.6417635707319966,1
5.919704099027604,7.476097733898439,2
-3.864281302571432,0.22785713206711433,1
-2.629841025660177,0.2829521129441314,1
-2.7448487539863278,1.9137236989702349,1
0.4287664723246587,4.699838144319318,0
10.459515025176778,6.590415162773926,2
-6.355685375554382,0.7728868304209483,1
-7.6318050499584835,-5.737829021571618,3
2.187826483503497,5.127479259251498,0
0.09738142496533886,6.262904696394893,0
-2.290524139031427,-0.23926793890738884,1
2.0368984817683646,3.1587022915552785,0
-5.840483688072394,0.46176508990545717,1
6.800334814987685,8.352682634647527,2
3.998692571207336,5.955543956319009,0
7.155948782395651,7.295868883934542,2
-7.696753837862192,-5.994862252023451,3
6.341240339644688,6.181854325367647,2
-5.974915693738408,0.40392332145919957,1
-4.818820869123628,1.1368591299765203,1
-10.273265788426654,-4.77170496729128,3
-9.409400754508592,-5.395304031327371,3
2.2932364772185716,4.892330441524562,0
7.1632968384882165,7.860191573814617,2
0.7811798301493846,0.7545902804308109,0
8.63636918391451,9.133484499347452,2
-8.076221551338678,-4.31388120159492,3
8.163286244691443,8.109405576959515,2
7.43344207762163,9.802499310043695,2
0.003866786023939195,4.388881750409629,0
-3.404541009244139,2.447802262437313,1
-0.17791398834357608,4.272074746089247,0
1.5853447971235224,6.133374540088502,0
-7.54057015900666,-5.260902782093983,3
-0.10056003017370152,-1.6827533456159678,1
-0.9274426551635493,4.362108650829033,0
-6.593509854536855,-8.530414030652356,3
-6.382097712503692,2.6751083373684326,1
-11.130447777283123,-5.4850675854193165,3
8.525491049453514,9.433042550960232,2
0.9717908136458248,5.37957600325121,0
-0.5145808667144691,4.568846589818093,0
-8.952751214659232,-5.599456361100754,3
-1.1898110666899493,3.815170805212181,1
8.340196150906364,8.810151971577978,2
-7.449959545187359,-6.667953938247387,3
-7.196311706979977,-9.021909401473586,3
-9.131213087430273,-7.322165443983932,3
-2.1060591810771414,2.6809750704961255,1
6.854832783784697,7.214184611987028,2
1.9370736831226498,2.9060880433086544,0
-10.324954636457496,-5.142377050325214,3
0.3021089711272156,4.608223248517357,0
6.721946866955713,11.236319361171345,2
-2.701482789495577,0.6831467977933695,1
9.041992781722133,8.90385538261566,2
-2.2688311532214542,-1.2249022028650598,1
-2.2223246741738327,0.2271597113027344,1
-4.316888190177706,-3.239296418342207,1
0.04334171903178674,3.056759196173958,0
6.858920690100112,9.949657529314683,2
-6.686291003540234,-7.271405750007811,3
6.922220313079969,8.34514953589247,2
-5.316863439473353,5.6544833331730135,1
4.150431363784635,3.063351551709501,0
-8.43200357390346,-9.416052583501411,3
-7.508804055278146,-7.048619798638214,3
0.8997966106516002,4.57705919822636,0
-8.24952752004182,-7.443497139026617,3
6.078793197635217,7.428074908409377,2
8.049915552828791,9.169731125088212,2
9.902800573980818,7.607926076152052,2
7.2673639501301,7.395674429937609,2
-7.596422795613252,-7.046380469912058,3
1.0295537314189722,3.31814907418581,0
-3.5879269783141625,-0.6264546356796783,1
-6.380859357888195,-4.368075867812939,3
0.784197773642578,6.81739740730271,0
-4.465847382393891,0.8666962321515226,1
-5.6800149093665295,-0.17420308778433963,1
2.0345654512297697,2.879800699372274,0
-9.96217733885059,-6.452875316651693,3
10.088915769087762,7.814633802612183,2
-7.725175582213358,-8.536511601807032,3
-2.244451410135787,-2.145168264214104,1
7.35704376679463,10.504872048999882,2
1.1355035382525045,4.688755563725218,0
7.137873225633516,5.34807946055653,2
-7.314858974581062,-8.730425381419257,3
-6.305108901690103,-6.359934418924617,3
-0.5971271140365328,6.2204435137566465,0
7.891385993807967,7.88838170231774,2
-0.6390343383287216,4.9962739454155995,0
10.883118026397199,8.092530521688788,2
-6.247140210112697,-6.002316632326659,3
7.69227863209755,8.639022035975692,2
7.048630351257033,8.339266165002236,2
0.16015960883708769,1.119348263754968,0
-0.5899201972372456,4.719261410407485,0
-0.34646785136975233,4.175584807974837,0
-8.372879773301516,-6.050725210192128,3
-6.118528639829029,-6.364775175895046,3
-3.005381902265584,-1.2533437474707254,1
-6.832429449416683,-1.136176959752859,1
-6.97511152714907,-4.443072836176377,3
7.678621446984307,7.820350108218609,2
0.5215908222249638,5.508681073141647,0
-7.725570805700242,-6.480766277700351,3
-7.404812395106997,-7.708929229228746,3
-5.096880864474028,-0.08004669579538448,1
-3.861102093915689,2.095890630180267,1
-7.914678695706008,-7.127946762254211,3
-6.034244128856282,-7.5502949411772615,3
3.5051224145905944,5.441299715257793,0
-4.4741716060092,-1.7216014166467701,1
-1.4079140882636008,2.9399393964001828,0
6.417791593284143,7.0046191737002435,2
-7.04524792448873,-5.660458664434506,3
-3.5864998302268516,0.534449607270872,1
-6.390476950628848,-5.393046088690921,3
2.3316923575968644,2.4315679732662088,0
1.3261983094018457,2.772902892792847,0
-8.110922155611064,-5.13811677139105,3
7.202099898825949,6.827364435119915,2
9.969924312294857,7.235158625781544,2
-6.407660067666002,-5.437026944819426,3
8.744404213934288,7.551219927249195,2
-8.75887481125968,-0.36672852331011474,1
-10.845540254632677,-3.9042068534545216,3
-6.039360994905688,-5.593028687077366,3
-2.108640113511352,-3.683713951753453,1
-3.9799457457272904,1.4358528017996641,1
-7.625822803945611,-2.402925125811585,3
-10.6481986325765,-7.780967463273644,3
-2.644004157723484,-2.7291921898402682,1
-2.7144223315909093,3.181170978884174,1
3.595172884424464,0.6241343453429282,0
-8.359523787516013,-5.952963708169254,3
-4.425285862650559,-3.830428010917412,3
-5.6969262551486946,1.3494070867667658,1
-0.36362134366807264,6.934820037289855,0
-6.836618665766267,-7.361637468437777,3
-2.0450368855524803,0.3706615527770004,1
7.830854559535337,9.070630339728378,2
-5.410640766363794,0.9605295333137156,1
-8.96149176665567,-3.153441534767892,3
1.2938598044089344,3.5287673611978834,0
-3.932964452289937,-0.3096333221916272,1
-0.3122788679087325,3.0162134875366164,0
-5.002332391925665,0.10459423976758753,1
0.6604603926049025,3.9567668355426684,0
4.98542224139121,6.1573708408567,2
-3.7120269041724607,-1.556876689627983,1
0.24093632611103177,6.536200586413447,0
-6.351758735366682,-3.4098314856795193,1
-2.0035263791924356,-1.5891171368060668,1
-3.9450265371627937,2.24021166148791,1
9.891013064755342,9.419362928726926,2
-7.529434908373953,-7.1465110728689565,3
0.921161649633374,0.9476831619554069,0
3.201176086421224,3.455045032070025,0
-9.26607318007216,-4.6582184591567675,3
1.768267576401696,2.9529086810838763,0
-6.711088274932875,-1.6972092207932938,1
-5.926295007110951,0.5154049572532468,1
2.142521878042799,1.7972894129940853,0
-1.2289010047242157,4.249566412273113,0
8.48837026891444,8.551599939752002,2
9.019452486014409,9.41155011943337,2
-5.074333086834643,-0.09661481352974244,1
-0.07219216910625925,4.11054137403396,0
7.439766365806017,8.23736178002037,2
-6.5253896243287315,-6.070161798589831,3
-6.976668984907908,-4.952153616593583,3
7.5477838197207126,7.338165595878367,2
-6.067640255582286,3.073946361671264,1
7.607627215450064,10.444219806196237,2
8.328032626996704,7.895451661611964,2
2.616781377595966,5.1250874357531675,0
-9.610592548381641,-7.729759915818315,3
1.8646524712006483,3.096548385191506,0
6.162991530786685,6.575544973449324,2
-4.768774881416091,0.1789219200207028,1
-5.902100047894413,-3.9953505090225203,3
-9.913241460063576,-2.6535037105840074,3
-1.8604208964068523,-3.1733394074869015,1
7.139738573155715,6.406051027589541,2
-3.7303587131572464,-2.4536437621362746,1
-4.1924716948556595,0.7963806047379823,1
0.6798926406823158,2.6560435442799637,0
7.072007184039146,7.9965115234423045,2
-6.294506976351043,-4.9102608840772355,3
-6.427859572966396,-8.710574145071195,3
1.447483637069178,7.112668394235101,0
-9.744984777730206,-3.322859020717254,3
-3.1623211060528162,2.3791304228996184,1
10.576780492151013,7.562366048679773,2
6.031537559743128,6.059397387706656,2
-2.994982712362649,-0.23587801233852967,1
-2.471090194523372,4.837986257478586,0
-3.18815850269612,2.885334425883162,1
1.6388703701186755,6.560309324179141,0
-5.413356968144411,1.226024968161778,1
-3.6436488805925187,-0.6430879069348561,1
-7.758583573793144,-7.297602546438377,3
-4.7776414791552195,0.522859609771056,1
-7.821506319562073,-4.716839873785442,3
11.019921023358492,8.735377179688976,2
-10.272631737050734,-6.819214214899667,3
-1.8142973365496982,4.307847053926744,0
-6.939766329001043,-6.4729162680589045,3
-3.2631284117408,1.2180381121153638,1
-8.990027394494923,-7.328517992570795,3
0.393539248751561,4.183576970885729,0
-7.3400177084940905,-5.372055683870189,3
-8.216437805834946,-8.886192596800955,3
-4.919982062658798,-0.5007039644215108,1
6.279434069852087,7.49610933163739,2
-8.97798361765135,-6.125424885418456,3
8.613996156594329,8.073435137486463,2
-2.696925090379573,0.36643258216462427,1
6.86753567584396,7.237944153061279,2
-4.883651706365811,1.2118545480056913,1
8.229689579536666,7.124310405206957,2
-1.0996312276713374,6.340560679445712,0
1.440736934162244,4.066416194528266,0
6.774891764058743,8.131062608416947,2
-4.878038365433579,1.983544108549967,1
-6.818209704331233,-7.813016768094192,3
7.068032316642508,9.098926545701843,2
3.0049929975041674,6.545198170230436,0
-8.335408832226362,-8.066955695587335,3
8.249476250421447,6.560649566221335,2
5.877489562632741,9.224345755438843,2
5.106613844301664,8.48955635258369,2
-1.1172854935770729,4.133353448236083,0
-9.87652170323752,-8.334818790814833,3
-5.341294787607121,-0.1451583266992722,1
5.921582664577393,9.100237298310642,2
6.368531678191221,8.318850741581048,2
7.12130323018487,8.832215223558695,2
-4.871239616448111,-1.3483941425690253,1
-1.2090168611773575,4.369830518709788,0
8.269420615323366,8.379997252476011,2
-7.398795137464563,-7.506391490291381,3
6.414657337257718,8.562804289540743,2
-3.555110549279272,1.2067296665993585,1
-3.779118901675656,-1.7516736075285158,1
-7.169435513364853,-6.325008232211402,3
1.987702747606296,3.3223963240358527,0
4.740903203102409,6.47160041766646,2
-6.726565175609503,-3.402097023064653,3
-3.446260149730019,0.7757870074037032,1
-5.086722257323094,-0.5468774880930665,1
-8.226485587968451,-6.494267456881828,3
-8.186572024197032,-8.932249356436076,3
-4.3679655729841205,0.8563530102073713,1
8.913978081597538,9.128560980978511,2
8.973321194457728,9.33958985271136,2
3.861309485196964,2.3542522661493233,0
-0.7237303503155306,4.103912395241328,0
0.18614729727495316,6.954272990418879,0
-4.974544422632824,-7.10578545049217,3
-5.12007726489128,-0.057462484493003285,1
-6.661111345536007,-5.94462580187883,3
-8.112254709107406,-7.299556626408656,3
1.2088881215286553,4.049009500316617,0
-1.5525618051373202,4.805705586135959,0
-6.058220956478105,2.596670941263397,1
-3.3389492317752705,0.5186398011025359,1
5.459348641054113,6.2970503030748635,2
-3.6829683782509806,0.6241308054344887,1
6.275022164261719,8.565314729759656,2
2.8661646181712435,4.386436044383582,0
-8.403990363320515,-7.573927881683714,3
8.699772877399033,7.320167291303654,2
-1.5942631006339423,0.3902027947232606,1
3.6674822152963418,3.639407767581008,0
7.199721220356978,7.176891873035864,2
-8.838257434513531,-4.918677743836857,3
3.293996289916019,5.5074900562038,0
-7.211891671517089,-4.5427433429962285,3
-8.007908762115486,-3.9829083437133264,3
-6.824977542399707,-1.9684378610102335,3
-0.6556610166100143,4.527424316423042,0
-4.6171241057403725,2.302460815609169,1
8.20306723716066,7.443105742382095,2
-1.7585201470025575,0.607616389090323,1
-6.960062670891007,-5.907486356231082,3
0.4996876882072321,4.3736605781823785,0
-5.6016026261030785,1.3924348362099426,1
-4.970247044771889,-0.3984692639498122,1
-6.063920018747363,0.9358041269951636,1
9.89980404848576,7.387397558210295,2
-8.382461290446244,-6.456135179652453,3
-1.5383325172944158,4.524367944266532,0
6.700627425430424,7.174876147097405,2
8.648954101826334,8.930763055814928,2
-0.22304789135485992,2.9866484239750952,0
-4.809837150948741,-2.103232774688285,1
9.281375127126223,7.477658550492999,2
-4.619990981169085,0.727178806129597,1
6.710341067957984,8.329027539176868,2
-4.440288973332265,-1.0077123152507816,1
7.664534900361312,10.111222198402583,2
-2.3635322082951276,1.231401636713114,1
-5.58977205642817,-6.324869042488881,3
3.1464715092304547,3.683571240962758,0
-6.0298050236868965,-0.5004968105940675,1
6.486850456176529,7.766698931343651,2
-7.270248463887827,1.3854165847452589,1
-0.22918537942792216,5.682174902746761,0
-6.277985188362427,2.074051798726486,1
-4.912161222938357,-5.774085493714073,3
-2.300229407876338,4.375672228437339,0
8.065695601451807,9.106946159312516,2
-7.954027300530687,-5.064749200803293,3
-7.224297114190087,3.5387228479494586,1
0.4034401878154459,3.2072541577704627,0
-4.476221597164985,0.8065866376135057,1
-7.049642397990863,-6.5314124796938255,3
-5.387524971347506,-8.36457881223208,3
-4.2072732476773815,2.293139555610665,1
-6.86357189558346,-3.527869487255807,3
-9.054649499164858,-6.46936363266764,3
-1.4728150516010179,4.191921076860197,0
9.44957177702079,8.559314275633307,2
-0.6926871467256628,2.1799118502716324,0
8.044831718537461,6.4538771848747665,2
-3.4341460571180575,0.30760305388029385,1
8.810476489170732,7.1428233985144205,2
-7.22379857199539,-6.2666482480606485,3
-2.6517110564160937,-0.015022763465464106,1
-7.253105704129426,-5.40243498448369,3
7.077514060016129,8.329351668477672,2
-3.760845447922291,-1.2696011908628764,1
5.739687521341183,8.854440086254439,2
-3.797205179524312,2.4199016943939666,1
5.866176482575963,7.882400386262964,2
-6.0780805026427105,0.41641482229774374,1
8.582083687689344,8.507209581210601,2
6.295648400462852,6.715108696309788,2
-3.3038879144605073,0.7226848096614173,1
-0.22115070947627546,5.856899936148788,0
-1.2435861258854661,4.001257980246109,0
-8.836092077200066,-5.77907058255131,3
-8.01845940526912,-5.577851688525835,3
-7.80157257073876,-6.597835342258555,3
-5.267413261059218,0.2908104991620189,1
1.9022408881580777,6.724735042834386,0
8.80029542418929,9.960838606525197,2
0.492404962017714,4.54219408919442,0
-4.639968688519159,-0.8151678973053231,1
-3.4957876874820415,1.52922492274622,1
10.936478159360096,8.78581346427437,2
6.6451069322814105,7.393368111471222,2
7.541743323908922,9.37055221288525,2
2.2218113582829617,5.163367120970247,0
6.944404770942453,6.107151941566252,2
-2.155359377012873,-0.2748941310432344,1
7.706127624855954,8.801672144107066,2
-10.427661068836168,-7.246705088312557,3
0.33006687078404906,5.451882464759109,0
1.9593100350993824,4.127141597030903,0
8.749827949188925,9.251458440544981,2
-7.52653384291313,-5.3998907121223665,3
-0.1372964739873359,3.817910368945187,0
8.60297317507947,8.65880213705664,2
-6.423015302003929,-1.087635500840984,1
-3.152552722301474,1.0246487840654341,1
8.075918774029025,10.49052433841159,2
-6.628872608584649,-3.576622419245998,3
-2.5897453231031777,-3.0229047817231307,1
-9.002425990743573,-8.053003409167335,3
1.398579093665681,3.8157103379220363,0
0.15389542075245155,3.9987749515411832,0
-6.004948589292319,-5.174422659633478,3
-8.278934254803916,-6.957510506130788,3
-9.225394589177444,-3.477786759468884,3
-4.905245465153585,0.392058990048788,1
-5.981147616787451,-4.640334445288729,3
0.6412998915997654,4.891641718117454,0
-6.451913466838764,-4.604704192943562,3
3.7630011730193718,3.656692884086218,0
1.6368592438155016,2.655096962891017,0
1.6213966243415023,2.518020928820125,0
0.23150061099302166,4.067596831476374,0
-5.972791994031958,-8.662109312256568,3
-0.013036104697923712,6.720406288797974,0
6.432108079922613,10.316729866839783,2
6.417291766411299,7.496108619530417,2
7.786120505992053,7.746573885174565,2
1.4007982906212209,3.7391989252101543,0
-3.8140544258183047,-1.6394692472345562,1
-6.763384125556372,-4.931795427764896,3
-7.771011805330561,-5.049208188570935,3
-5.701969530837176,-7.448638362040365,3
-5.823506054809737,-7.630970796628134,3
0.6075576831717581,4.980013965154427,0
-1.0936863174126015,-1.7792682859948128,1
7.999779302290145,8.455026406615314,2
3.2532415709833007,2.065782436105555,0
-1.6026272049652261,2.274986571583115,0
2.059184026119853,4.283642534732941,0
1.3323977165034024,5.609965815192154,0
1.3575436799331975,4.244714007080081,0
8.06759344455401,6.9383987150272475,2
-2.254094658663579,2.6441888727251817,1
-5.65229905420156,0.15165647002333663,1
-4.064036543494365,-2.2568538537537335,1
10.083577153843702,8.80613299619236,2
8.50715916335909,7.722900175693295,2
0.0224182895889542,7.930831769248731,0
7.760613400459647,5.213114378931923,2
0.8885559216879613,6.045883944973564,0
-5.211676262366392,-1.7355584017902843,1
9.596537694801935,7.364887532103023,2
5.297446179980005,8.957569912793907,2
-6.001967797172914,-0.32816932750824934,1
0.4934055767822373,1.4464276920691312,0
2.574386227523193,5.110572718505726,0
5.677675031358322,6.196178451857351,2
-7.238697129170882,-9.173506512947682,3
0.15893460859834563,4.561637022484104,0
1.1345963405580977,2.715811251397907,0
1.0679799467311841,5.860967566469543,0
-5.732014815353541,-5.054457740392018,3
-4.037578873441132,1.8735381678644218,1
-5.686772931198257,0.5387975736119622,1
6.293629942431281,8.832183749394499,2
-7.565965641632181,-7.125468964515793,3
-7.2734228542617,-5.001856906088376,3
-5.670551037601127,-0.8328869975227824,1
-7.7929141082612094,-5.150775509577274,3
-3.172997252444505,1.0932339241555566,1
7.303168286360325,8.27076850287204,2
-7.077966557561257,-7.811764906765189,3
1.103906702434966,5.793480838005619,0
-6.45567006638815,-4.316401491834715,3
8.310856607842064,6.285737452873962,2
8.691133849368624,9.59251777768911,2
5.439481832485013,5.175283419831391,2
-4.768459434672414,0.4654541683408278,1
-8.140730139857137,-7.322132936557071,3
-3.047088285149676,0.9769915192778597,1
1.2377133633107393,4.4314158163579975,0
0.07633629626269345,3.424890612648453,0
-8.102244937508722,-6.862623555031357,3
-3.006388388564404,1.868091365072564,1
7.019829394430644,7.469916928310146,2
-8.620006197581702,-5.790569071126031,3
0.7522758083521628,3.220555425442669,0
-3.6000590986301164,-2.173264347979496,1
6.092632664224467,9.127570458970798,2
-3.4745735994525093,0.6769737905836548,1
-1.1445626682379353,2.1949105674554237,1
7.240962871839461,8.676245800605278,2
-5.876086775661054,-2.2479510820913946,1
10.082011797941577,8.66425489710401,2
-6.319455599966032,-5.943457579868548,3
-5.489050575041379,-5.594731906998327,3
-0.009751573584734885,0.7695945130439785,0
1.9447943656860605,3.9464311724697234,0
-3.075730359085256,0.8547918895631967,1
-5.834356583470084,0.23058718706021336,1
7.295470718937872,7.317782857257922,2
10.702689096415769,9.83684375512872,2
7.1587338316306,7.564172224580506,2
8.797093533118865,7.060526874788276,2
7.424977961371083,10.138869750061193,2
-4.575268711723011,0.44176215224856014,1
0.7870649287868273,4.1167618207750305,0
-7.90175349836577,-5.728087477003934,3
7.224915807255143,5.974045373299122,2
-1.610161321332094,0.9255270382424681,1
7.712938720401405,6.150313646805308,2
6.759932197145447,10.02470379592819,2
-4.917987335458347,0.5603571551005633,1
7.8369589062015415,8.791216858268655,2
7.995115477570666,7.673774047930746,2
-0.11404413890469911,1.5467910764004547,0
-9.472083548175569,-3.221328354048579,3
6.3529677242435,7.5838632402232875,2
-2.994020158022681,-0.8712845542247833,1
7.917548987274048,8.28227923876215,2
9.207182913364868,8.452999699178285,2
1.9063402236781903,7.269274241026224,0
-7.408830320291152,-4.801868182163502,3
-6.5932954105954655,-7.699550912504926,3
1.6361071034677628,5.006181291071988,0
0.7638229035586375,7.026871666261945,0
-6.605082935818259,-6.737660047037559,3
-2.697662621763346,1.5966079851162793,1
2.60268986208494,6.056261251122301,0
6.956090044032585,8.94916045731203,2
7.899510110255796,9.518513436741712,2
-6.463366489868534,-2.062401836346691,1
1.191132053721732,5.369705753693393,0
-5.0203300460201055,1.0721280386047218,1
-8.587608148827602,-6.055393563489302,3
8.953500632706398,9.047032607767505,2
8.782421903295482,7.079761804105736,2
-7.235370984825295,-3.447671852875087,3
7.673835620126978,7.566323561565409,2
-7.706842841836605,-4.16727340508193,3
-6.740418111067281,-9.22987425037707,3
-7.134820421712253,-5.155321533748598,3
9.05248212902588,9.809243063222873,2
12.298052512734076,6.794929486189875,2
-7.018985877439613,-6.4100038821093595,3
9.157992787806402,6.978128076311167,2
-8.687078395852655,-6.676662093347689,3
-0.2673410299833894,4.103361694469462,0
5.3081415349989225,8.446591348196964,2
-9.83534143394472,-3.9717014707767,3
8.703208294857184,6.430382102369563,2
-8.379779286547368,-9.26537163907135,3
2.5197618066364345,5.9302896045707225,0
6.950739205625631,8.949359647617632,2
-5.00897272864457,-7.423145965603557,3
9.59088770779925,7.360128385289297,2
8.385959071535671,5.934638983002641,2
1.4947523153049151,-0.31299885496085,0
2.9627744722791958,1.8901329647204017,0
-0.45601009378200996,1.082235944125904,0
7.544050179247377,7.283241405705884,2
-8.321273487111092,-4.307674359014515,3
2.503836426107192,7.239611375754009,0
-3.613812890376328,1.2796459405944602,1
-5.0306847502227745,1.6099860599610196,1
-7.421835108848759,-4.9220911015096425,3
5.946560802587888,7.53676523013044,2
0.9727795830732718,1.9520422121347374,0
-4.283052512178137,1.04286314608545,1
-4.010380698007335,1.2844402559680514,1
2.4528026418697477,6.002438454777036,0
2.1269741732989367,4.833768331362107,0
7.544754806677997,11.663856839216699,2
-6.1124178095306725,1.6512125489516503,1
-5.814632675971799,-5.567208783770934,3
-3.709429610510723,0.39952177620050394,1
-6.67491902412805,-6.299390298504959,3
1.6435295854195162,2.824346950366959,0
1.5421818129353313,6.602816859800168,0
5.2337756140003195,4.5409491423869355,0
6.9255549903680995,11.957757514783694,2
-6.921838692119147,-4.665202363289616,3
-6.324781027935819,-8.099820478640552,3
9.272313367684529,6.224246064731178,2
-1.368406832308744,7.084611686687669,0
-0.6463169728164664,3.2459267246983936,0
-6.989119949085596,2.6625969290095846,1
10.081757105659438,8.631875093426926,2
11.5058773229989,9.385299392241507,2
-6.241990962225673,-6.9371141016992475,3
-7.0008535974299795,-8.907008691735992,3
-0.18363160742320117,4.340282371388522,0
-6.383940217408939,-8.128178269095944,3
-5.189080108045284,-2.9263753359689404,1
9.784264493882182,7.850464397953344,2
7.343271028067938,5.4736097948952285,2
-7.057854694090056,-6.782861509007117,3
-8.998524953125912,-5.855314479344187,3
10.047459683022595,9.655347640043072,2
4.802652696260568,8.675602015504996,2
8.533006333348348,7.014920270504263,2
-2.5559652774888484,-3.4484204302336217,1
-9.498349209339448,-6.0756334568865284,3
-6.751146974067422,-4.253064766758657,3
-4.120729490396329,1.7811628326529052,1
7.261226106386079,5.690262990939741,2
-7.193800747292775,0.829554319233008,1
-8.10273251297972,-6.44671678177206,3
-8.469525046772027,-7.0027609391214645,3
0.487538000115193,4.9415708485460215,0
-8.20336421102453,-6.147737260054523,3
-5.0699561179295625,-0.5190778748787317,1
7.4909815052497875,4.884876193390215,2
-8.055205000418079,-4.212088333759651,3
-3.048946403526824,-3.1033061662095944,1
-6.669766131314174,-6.653331294798692,3
6.538283807875254,6.019626573883762,2
-7.759709599064582,-5.4137867925512,3
-6.914715883227678,-5.712297611713575,3
6.387054164340105,10.427400920415453,2
-3.06407373855734,-1.880460607856672,1
-4.863361078464965,-6.726170675035053,3
-6.472200218050376,-1.1607605810280162,1
1.4063191396093147,4.146913753849219,0
-9.199796504818138,-6.264887235275353,3
2.61586509723771,6.681581671666247,0
-7.503855536801492,-2.6775778815116524,3
7.620458094050724,7.694293049431095,2
8.2597174346998,10.116146839280717,2
1.3962765644479516,4.9058936968559514,0
-7.819554343484456,-3.1172240059516048,3
6.717050281279192,6.105860602831612,2
8.465149346373218,5.816567419622718,2
-10.597359043323053,-5.9706680837737895,3
-8.581872856769904,-7.269184416435457,3
10.205265930797228,8.302372650736089,2
-2.584300377821932,-1.3081542068058654,1
-6.602421869913108,-8.157378823519572,3
-1.7252260388079237,-0.6327889282354895,1
-0.25845298807800776,1.9226319506785376,0
3.2451805841033945,4.518030853202464,0
-5.999300568347873,-3.919267400593414,3
0.33530524404423967,4.733459040383525,0
-5.74718084351158,0.30152100207170457,1
-3.038267978450315,0.35558715078380665,1
1.0497115421169263,4.6843812345029825,0
-2.982867071374702,0.23889108107125878,1
8.99393033519514,7.96154447116338,2
8.750882637585896,7.415665564819063,2
9.387840345731597,6.863533265094033,2
-5.678405331697978,-0.5025876789442991,1
-7.585603694708327,-7.417950241801558,3
9.011894778262388,6.232869900621832,2
-3.3489084725656295,3.6493665547333842,1
-3.8856985855095267,-0.28708856486875767,1
1.267613049412611,4.533557624695246,0
-10.624103828675556,-6.994318122655718,3
-7.027085964274245,-6.4753246020285,3
3.738917616731626,2.9385813618364196,0
-4.763699726756828,2.0591442033793133,1
-4.3866399552361806,-6.64544697309146,3
-10.636911045557303,-7.26023655120564,3
0.04138192037097255,6.610030883299986,0
-2.941235327507767,4.356860274659676,1
-0.5432047462289935,3.322635893200389,0
-1.197616172439258,1.026941640137364,1
2.3392875748501556,4.426096033528905,0
1.0676201741171039,5.702263979999527,0
-6.325235346301505,-5.045718102614954,3
-6.8696920455915125,-5.274760514299899,3
-2.3505679597838,-2.800839732595823,1
-4.094620332746077,1.7814862500000936,1
-7.897837047725762,0.3251475212438302,1
-5.632650662889622,-6.816114765378362,3
-4.021225849937251,0.4814198829416011,1
0.2037024773599576,3.128556966726171,0
-6.910967427233057,-7.449747043355486,3
-4.137352270567823,0.5844601574856741,1
6.1696811304399795,6.349220568914387,2
0.8731016534405729,3.3721747833611557,0
0.5656489397121832,7.400180465447473,0
1.1434041382228441,5.809625683673042,0
1.2071217646758146,5.5921144153077975,0
6.890012202624032,5.524377112833463,2
7.993956053433282,7.874280161181888,2
8.208133784423339,7.690920773080486,2
-4.172741905402648,1.5063583636880546,1
3.820219385936598,5.161814119896893,0
-3.343813106306916,2.2835315638156897,1
8.007049156799605,5.081323168393695,2
-5.5513397436833145,-6.02834420077105,3
8.963121582809682,8.476140097826777,2
-3.887485092178715,-0.36540369306542053,1
-7.035100546481114,-1.7055188226367344,1
1.152509818857511,5.341104822977732,0
-4.735136798534834,0.24558471887943745,1
-0.058080644784619384,5.260155056092254,0
-5.059608238674159,-5.786523775748914,3
8.147590920216041,8.95181918174689,2
11.142494858273311,9.71086278095057,2
-6.138942711243654,-1.5295187615019412,1
-9.835746109169037,-7.7550489345363705,3
-3.836728339319265,2.27923373285066,1
6.270595772820526,6.957160703393228,2
-0.3562752455663536,2.817246787011733,0
6.492972958635681,8.896331586904116,2
2.3102061939356586,3.1903084181980086,0
8.350563432898639,9.395013014404398,2
10.742559468165616,7.968442560788001,2
-3.2400004026629454,1.0054566960742493,1
1.006509883055507,6.414291987713643,0
0.7035329243673828,4.14049667363566,0
-3.848463543273651,-8.668701587748984,3
-2.99867134914786,-0.30828608613993325,1
-6.32350079954099,1.7120139869271678,1
9.441654260920128,7.150685637159641,2
-7.2487242305544815,-4.21012825983079,3
10.230599607687171,6.527997902337644,2
-0.2892807335649774,3.8035083421638896,0
8.924561147061075,8.325870846973162,2
6.152090988065265,7.2071838610954995,2
-4.437082513586189,-1.8685286348917742,1
-1.7424520691223084,2.845490176539969,1
-0.026806088713489995,4.6883083348290295,0
2.2697239047644686,4.901134806732791,0
-5.600180725519128,2.596673209980014,1
-9.025945747747118,-5.706774904250341,3
-8.325105338337435,-7.215803733078445,3
9.51709316578345,8.531052262766215,2
4.093922021668863,7.288727615742863,2
-6.701571270793124,-4.680581981415957,3
-7.646417934307225,-6.061792814002035,3
8.379711149312534,8.958169072379244,2
-3.077688286841359,-1.5228252863396756,1
-7.667023353846164,-6.140106630866856,3
-8.33272139618988,-6.9031577273207585,3
-8.22435525901103,-7.588502028266335,3
8.745439280840705,10.726333586121116,2
-0.5286062364784061,2.617643525802259,0
6.504083221310688,7.362717771833326,2
8.602600099238186,7.748357985655471,2
-0.2911902923052616,3.7946339716552817,0
-1.6604309369737464,5.962344523658576,0
-5.9093305184197575,2.498458775366934,1
11.02529993518931,7.955849350035462,2
-0.42403621884931564,4.728899303531897,0
-5.310180493139827,-2.039831258764261,1
5.603213951987216,7.99479288927537,2
-4.80870175932795,0.5747184697790612,1
9.54493551759874,7.826103518306642,2
-3.341944522570534,-0.9999013602149964,1
-4.557630823432874,0.047457528596184545,1
6.200080747955947,8.034157212400897,2
-0.7906602583176738,-0.8664683847538999,1
-0.05331664203941111,1.899580772673453,0
-4.762626197349193,1.8412409670286873,1
-7.014102772536272,-4.145367197131043,3
9.023502353904277,7.1773502499947215,2
-2.90970592988091,2.6291940835659657,1
7.32167673175334,8.110773973996146,2
-6.742368401183776,-8.329190710567719,3
9.120379434130035,7.925887558653379,2
-4.995820146770037,-1.1585108672776014,1
-7.23188590174908,-6.264829670115734,3
2.701924989927712,3.965085103160744,0
-5.957988787435669,0.44447381014130843,1
9.497466096661547,7.888195258584962,2
-0.2775046789138016,5.770482347036287,0
7.417927013160406,10.96064225334567,2
8.328387129481102,7.483022361474038,2
6.718599112521256,9.089377040665717,2
-4.117507345734569,0.14878872136409738,1
-7.952902780661541,-4.506338375439305,3
-7.752181084590302,-6.777400512388185,3
9.21014171049082,7.647582987214239,2
2.8534366651949656,4.118353484632597,0
-4.354222409747996,-0.5617592747620941,1
6.803945235971399,7.750498557533118,2
-8.613334505456322,-3.164095201888867,3
-6.379843449637827,1.5578369719620886,1
-0.3697299810521737,2.627142811097839,0
7.446874307355673,4.405657652336287,2
7.7820626154229045,8.363753261635733,2
2.7368552411604257,3.99761271925921,0
-7.788611257229699,-4.138501935116108,3
-2.4434461965188454,4.085722398557133,0
0.3760790823652107,4.0455413295270874,0
-9.06286893186164,-8.909393602631779,3
-7.297456156442313,-7.637210080786492,3
-2.2682527570285145,6.340014611859784,0
-5.034483394086358,1.013088728972825,1
7.5317091366758735,5.256410251963601,2
6.5310961740218865,7.304287250612406,2
-2.383072154811332,1.7162506528371007,1
-5.73406470720143,-1.6030175933239241,1
2.650072373770958,4.198839485075468,0
2.040793318342568,4.650810152921116,0
-1.1878144176037067,2.879457541309997,0
-3.1905173735503336,-0.5721653673275338,1
6.766464475121401,6.059364732093329,2
7.667209851730204,6.9357263875044035,2
1.821983563745511,5.3233924505867165,0
4.485383111521442,6.589019522333848,2
9.584382106757054,5.142423321435739,2
7.552463086687088,8.350508491595907,2
-5.251732621527141,-1.1141144945138182,1
-4.354802865777475,1.8650356199762812,1
-9.548201834268415,-3.6085181007095213,3
8.030662903461025,8.758683203348422,2
9.701887277974865,7.974110392627468,2
-1.130375194153078,2.787386613860124,0
-1.8091776946335587,5.157738107120699,0
-2.2460366787198076,1.3656742280736935,1
-3.7056663820506763,-0.43869872302046653,1
-5.288612151685693,0.2996150298128868,1
-7.5119306588776595,-3.5343849820183886,3
-7.748011512242206,-7.4399658829949455,3
3.8071755552556508,4.546342180964965,0
9.784536959869882,8.59815744576914,2
8.360462726813337,7.30180412177106,2
-5.736774096513822,-7.932129972070318,3
-10.103309279997596,-4.524369729980963,3
8.07384639980534,4.753498851136149,2
-8.595260063866322,-6.426549218804157,3
-6.093125862851764,-7.065488166043632,3
-5.8318125481985,-6.885013582036177,3
-9.073659116321222,-6.81225318043428,3
-9.074451027024292,-11.174591457735218,3
6.559617291617002,10.00668908168339,2
-0.4789119741710077,6.058902463021167,0
-1.6744326578298052,-0.0720884569826209,1
2.5101202808533802,4.671457924799965,0
-6.878434867110356,-5.10462670806022,3
-6.7198906216136045,-1.5685913885109106,1
1.6133444918665791,2.5121279855702063,0
0.4436444792964943,2.703712484368034,0
-4.981609397841279,-5.6774233378322485,3
-6.711894732747045,-7.391850870967998,3
9.881628387958694,8.6270361243335,2
-0.38342762845625344,2.302400645985805,0
-2.0820965755188148,-2.5431619770108385,1
-8.91758558349332,-6.186647464019636,3
9.668953692809588,7.993166226572746,2
-3.536334158395719,-0.37142342994808875,1
-9.834373507266555,-5.518835433443945,3
8.054162327289536,9.124036020011589,2
9.321611606568425,7.821693409324312,2
8.171771226122532,10.530907679183588,2
-0.0189829644792896,4.892578165265018,0
1.50488196116877,5.0581462024906925,0
-7.8970061556059825,-5.445999862050146,3
-6.46600893967762,-0.2033844435127531,1
-5.897285456678772,2.623827467759485,1
7.863830863293177,6.980383880442623,2
2.5173795594441835,3.9410571278765447,0
6.359461367189001,4.951256871772635,2
-8.301077136811255,-8.146622294297698,3
-5.345376482991087,2.16324442782035,1
-9.141059612374097,-4.0986963276427195,3
-7.011497804407671,-4.599838481944339,3
-8.653886050902479,-5.289498914441305,3
-6.920371221810301,0.17588986722061806,1
-7.270267882507748,-6.55689396763561,3
6.596587820714796,7.990691064740676,2
-6.148670279353501,1.853685499784814,1
5.400270977482453,9.177371795603968,2
-6.726091935479142,-5.700976792426858,3
7.061465797488146,10.69936811445708,2
-5.961705654801965,-8.254717437560657,3
5.81355687049358,9.16029713332458,2
-7.494888787459078,-8.019115973099092,3
9.297193609833862,7.673180776636644,2
1.152033211034479,0.8368300358071181,0
-5.482345432481298,0.21731359538954143,1
-9.591824359856028,-4.252893808291846,3
6.3506728267575365,5.619410248539728,2
-3.399408710445461,0.23604190812022896,1
5.694892980415009,7.5937390112210235,2
6.123233696635409,5.057872008490617,2
-5.446778980148375,-4.192857720898688,3
-8.574091735059731,-3.5978552724453357,3
2.5835540413399354,2.6771123969532367,0
-0.23540172451616814,6.180445137295452,0
-3.371226123148344,-0.4309480520029627,1
1.233552872646801,5.9147798818145585,0
7.17847129942792,8.666403173780619,2
-1.0337728799469632,3.5064142661305775,0
-3.9020634107964787,2.8095474259347153,1
-0.46429204764350196,2.436035966485468,0
8.291620652932206,6.323778677471696,2
2.241184637393058,4.110190972844595,0
-8.468908513009305,-7.514809260911257,3
7.509014138272563,7.204195887000399,2
-9.944519964261609,-6.322436206496095,3
8.07016525897176,8.744993922095063,2
0.05777170692505407,3.1813336349835954,0
4.741295635432284,5.4022523759628704,2
0.9536473895736839,2.9258930959192906,0
7.248848170948994,8.681057103938068,2
-6.6747971450934775,-8.070908098250975,3
1.2162036130257188,2.2290646616444985,0
1.9538255007357532,3.9221864075817097,0
1.6056459733786093,3.8008792526480613,0
1.4615671297098918,3.851333699256585,0
-7.915391238856891,1.3458227738414141,1
1.7477374045713945,3.295790433378663,0
0.1341927220239849,2.859408578491939,0
6.937580878568998,6.940497908617962,2
-6.792575461380422,-4.735599100344846,3
7.924942658495363,7.61822203941662,2
8.491990251807398,6.540293406819752,2
-3.0456155809717247,-1.6906803787311855,1
7.538451353364743,8.17916357714328,2
-5.81388419340082,-6.736948770802589,3
-1.8484724388438285,1.402845382306964,0
-6.115889617081113,-5.259750088403752,3
-6.486533646247043,-5.070792588965088,3
1.7469741519516053,5.678319004031616,0
0.821916536864928,1.7292646966576686,0
1.2069007050108724,7.453601181409085,0
8.449778631747765,7.9480326477146965,2
-5.874820346125414,1.1945454509687505,1
-5.529503745294446,2.073011275717448,1
0.3003422102679856,2.063327844608328,0
-6.999242432397903,-5.084917555602499,3
-5.490364903602741,0.9203026557487217,1
1.8506224684208403,5.283293748424262,0
2.1504690112269618,2.6368104100521124,0
-3.6591402212654174,1.3703658923830928,1
8.610480638060459,5.661759387663164,2
-8.90595198406855,-6.533421267743782,3
-1.4189701172613618,5.132969630767354,0
-4.629341704545982,0.2654640181192936,1
9.35444452748079,7.790294050972469,2
-6.966391685992193,-1.8383452473979305,1
-3.6117160602382414,2.5809540266383193,1
4.829111648372989,8.815268100227435,2
0.5777932691213881,4.3686355126036895,0
8.656755799636993,5.888939489093464,2
-1.0776872024695034,6.250450813979307,0
10.672552292706616,8.908215889556905,2
7.8985164177053955,10.737416440913538,2
6.013879541772576,7.8383002864232605,2
7.551759325296789,8.07891880847432,2
-2.8498163621817687,1.2041484785474612,1
-2.3564285998734,3.7613136550930113,0
-1.6471793453340657,-0.9902115070597672,1
-8.94287867314717,-1.9362128710114455,1
-9.169277884615868,-6.337686818130937,3
-7.998258283673268,-7.919841054901619,3
6.676770007152186,8.22468099053159,2
-8.722477228094496,-1.1502111988257817,1
-7.0422714293707855,-7.8468067647224276,3
-9.5714330252933,-5.80042791946291,3
-6.566626947370762,1.7371817577770785,1
-4.301443096813198,2.029360958855313,1
-8.638404503269147,-0.1270917950260454,1
-7.002166006576504,-6.058622663660695,3
-6.539584796923508,-6.085258572124444,3
6.9202033901961935,8.64126926625566,2
7.541991480891643,10.518134908682896,2
6.3524240346127385,7.397497594825163,2
-6.365848332666224,1.0709186194713949,1
-4.637506467501311,-1.1534014281583673,1
2.944191620899683,5.3045961535402775,0
-1.1138489080007652,5.311538060397783,0
0.15209253285746915,3.5796132883068505,0
-5.036576098577673,-0.03666031474176806,1
7.95490782300281,6.698184955091852,2
0.4541683971558982,5.727065403456696,0
7.327087375805499,5.886141630070212,2
7.388566848985624,10.328681721848785,2
5.634442781430379,6.839879630188308,2
-6.998821842839143,-2.6316617133495974,1
-1.022843700094755,5.3053703754428785,0
-6.417832483041002,0.48386670698378226,1
-4.140059723725429,1.2766135321048584,1
0.8621721376713801,5.975314413663574,0
7.791364574538497,8.216008331941177,2
8.026367270279184,7.378224502519337,2
7.45852623924818,8.133220256084051,2
8.437969393792255,8.166398723313252,2
3.6100841953069547,5.204034860466232,0
-5.0498681785936,1.325664105625489,1
5.861413236630039,7.627574477171256,2
-8.452490711336349,-7.6463003689831615,3
-5.101873090265872,-1.6278084719059978,1
-3.696609562866159,-0.6298588597647762,1
-3.6662751054858753,0.2995369443506726,1
0.82431496466272,4.53520849308233,0
8.121055026488886,10.258973761050768,2
-2.065438886169563,1.938343644949427,1
8.162642530080229,9.27441993778051,2
-7.999488718126054,-6.357421071256363,3
-5.25833502313578,0.8593249774798164,1
8.545900037491082,8.845361153269199,2
1.3766432221133909,4.842513132524408,0
2.614088323865508,2.8543929603679503,0
-5.584303832406222,1.7035557919759419,1
1.4399485125563238,4.092221092382368,0
8.537576786352876,10.777320112310814,2
2.4209069110068215,1.9243608008311508,0
-11.283567427641831,-4.904436584604345,3
-6.764629393508777,-3.8478279785223206,3
-6.73437671954092,-4.88567372335268,3
9.604888954969942,8.664922093889535,2
-6.56078861955177,-6.319637788425492,3
7.6085662272935215,7.56962283837506,2
-2.462212593761798,0.7246081052403966,1
7.9738027805494855,9.745667000865632,2
0.42385423881327744,4.125360052722589,0
2.460864739310816,4.814285140060981,0
-6.646113306515474,-5.706823059776897,3
-3.2455394315413733,0.09473187856022082,1
-4.534965318367067,-2.6435674815083217,1
1.1141661373066176,4.427719202846032,0
-8.374543857542616,-4.577359611867903,3
0.10664718360367642,3.166080627035346,0
-1.9589652958057084,-0.4547615563771573,1
8.334695699548963,8.498762415597188,2
-6.2471086073314,-6.584629663963247,3
0.5138371439955831,3.4322149877021237,0
-8.170302578570416,-5.53579456911291,3
-7.78388616298659,-5.284614139460781,3
9.922093561828131,8.253137084862473,2
-4.415225036635185,-1.6226796362954177,1
-7.019510877109922,-7.388577532843252,3
-4.696124038427006,0.010391255068572164,1
-0.4383662555128469,3.396170294055594,0
-4.155009759589176,-0.42987690793475497,1
-6.716668607100838,-5.750080486366591,3
0.941822223608501,4.723041368364138,0
0.3965234503175006,6.078867995445864,0
-7.695154364605676,-4.194948662127094,3
-0.5214382604206205,5.511964121123317,0
-7.365479383832427,-5.9843149395514335,3
-7.569081014740758,-6.55048494544475,3
-4.653911525772556,-0.42772856952220384,1
5.3479906005286715,10.391281657406912,2
-4.281411830127845,0.538780602733731,1
-6.919559868100377,-5.630897136509772,3
-7.065630852708293,1.0098937864473858,1
-9.502666813754745,-6.317213114318316,3
-5.118311173430366,-4.5422485445822645,3
6.303226914472717,8.775546484844515,2
-5.448962269892409,0.061741532253799136,1
2.255301284590589,9.716643808761887,0
1.4472945270410433,6.059085077928588,0
-6.235168044999269,-0.8019714798403486,1
-5.4413911599916895,1.584693401606525,1
-10.307871546683357,-4.850272547455884,3
-3.778863347939915,0.3311209067233517,1
11.200362307416011,7.390515164321356,2
-1.1234473460604084,5.506241557508799,0
-2.6176366558664452,-0.8961674665975932,1
8.185532809944895,9.245754169416905,2
7.0737829832932215,8.452254586000096,2
-6.985426742269799,-6.361176932064121,3
-3.751499740703636,1.2681658956668183,1
-7.285466818992254,-5.722092135861681,3
-9.04200589782462,-5.718067097078679,3
-6.820255902458102,0.18837715017786316,1
-3.0390817904407577,0.8512656603535138,1
-3.9068998348262,2.166503602800936,1
6.473843675538491,9.290831084810572,2
0.6679918021123729,3.9901488467579087,0
1.3772573234846397,2.9359239045570025,0
-7.274781051895496,-5.1372499839327155,3
-4.6468744653741085,1.3557077246294171,1
8.6871122740905,7.786528427810203,2
-0.4815922664381711,4.544537813815266,0
2.439075243616479,3.156839368984996,0
10.267178107447462,9.83391471176692,2
8.433292459696869,9.194351770938646,2
5.687026113497447,6.222830081373923,2
7.88837717235357,6.179934692871154,2
6.7093940923501485,10.729645274232984,2
-6.297358489991621,-0.6329754200162361,1
-8.75327723741606,-5.77189405955791,3
7.940620593918133,8.126782673812087,2
-5.1933686341901675,-0.4668694374867942,1
0.9531917092202759,3.7538531481579067,0
-8.206393282587044,-6.352645233143642,3
-6.534335464542139,-5.429086895401448,3
7.480282953373595,8.508875948873225,2
1.3504792815594535,5.251550150596822,0
-4.522311378924807,0.5257743307390692,1
-6.01806698129795,-5.662518719737794,3
6.602792743582448,9.562559767828715,2
-5.655002650491238,-2.3888881922076335,1
-6.9447056419941156,-5.827011977903805,3
-4.333927807925904,-2.2590321059935192,1
0.008901231338389604,6.099764545116997,0
6.684843083905378,9.100490543785789,2
-5.780792537984015,-8.518126465877685,3
8.8942228569838,6.552311902709906,2
0.11163039548068177,1.2912483872533742,0
1.5164132113845148,3.993525020034947,0
1.9049437614825846,5.188051313745943,0
-5.847465292505946,-7.056514842078462,3
-5.430588309987455,1.8815393039752228,1
-6.598403050348504,-4.173308649445035,3
7.258875150779541,9.92694587137281,2
1.1993326695390951,2.4268813888657355,0
7.631949536672244,7.125146563124968,2
-8.061022009241743,-4.894813704397556,3
8.024474418432446,7.7033044821289645,2
-1.820176845488311,1.9904606494927861,1
6.554530168344186,6.267444008997908,2
-7.363689365364899,-5.557096630930681,3
-1.3498568396872637,-0.22793158937639724,1
12.1678386503019,8.3155681319505,2
8.09706248452353,9.948196747492943,2
-0.10290851921659128,3.729779468024839,0
-6.774159436619722,-3.6765145139148045,3
1.9292938920765712,5.648007439941509,0
-1.4669709766485468,0.36500902185010775,1
-3.4209767319876043,-0.2871572552326762,1
5.534922984631727,4.789473770402701,2
-6.593875583119967,-5.91658049262909,3
-9.708255889958636,-2.289470952137819,3
1.2408361275140347,3.9990711632685993,0
-9.823234901656724,-4.710162013340208,3
-5.267015488365982,-0.3495953398344107,1
3.537324024849437,3.4294473897128297,0
-7.805136439805854,-6.946572675887675,3
-7.9992237095639,-8.850266845884564,3
8.368656712421304,7.868749453043047,2
-6.438973726138119,-0.008352167956762968,1
-8.318442987627442,-5.823906039320587,3
-4.504224438990553,-3.5969741785181886,3
-7.0688916059003715,-4.516801119917802,3
-5.739123168062493,-6.569185333482238,3
1.5601632808172123,2.424401754830286,0
-5.371975957658844,-0.48163579797900535,1
-5.063985448918731,1.3849316126384394,1
9.340747889773551,9.080372705438263,2
-1.0211097490441277,4.062290744903368,0
-6.032313854773253,-3.134645616179373,3
8.207849890070134,9.091813107538236,2
0.24098616429428465,3.8793489527085265,0
-6.009695744705271,-8.074240071519709,3
-3.0117049652079286,4.190587644434073,0
6.833991504976169,7.634978316171999,2
-1.3746681640812959,3.6392430936737084,0
1.4577562562568018,3.1832492100080962,0
-5.955638276010796,-0.29969733930407627,1
0.6276157679839431,4.242488577601303,0
-8.368748022665603,-6.696564592448298,3
1.444934461095999,3.5650321969789154,0
-2.712688324888252,0.46795914249213943,1
2.4634067041491914,4.547289116996236,0
6.564605914456063,6.2544707933376245,2
-6.754844999000503,-6.377451524054326,3
0.13320562197236585,1.8431227181454788,0
-6.619682232365252,-6.910024424623931,3
-7.824816220388778,-0.22663978755277925,1
-4.849271459082536,1.3465665758138545,1
-4.624183664907874,1.6314503987173568,1
1.3729397379322297,4.843222405848388,0
-4.477147230850482,0.7863109427384352,1
-8.000943223826239,-5.323173221084877,3
7.286983769298074,7.896852865620655,2
-5.42808668494898,4.726751282935631,1
-10.627518871669174,-5.6786882078100245,3
-5.592877427600836,-0.2603630399504896,1
-1.8717585437613695,-0.11913527321230821,1
-4.908652751999711,1.0329106143172841,1
-6.6385172812804445,-3.878683707349033,3
-3.289673543246955,-1.4276741401356798,1
-4.925965704047584,-1.5430071200543969,1
-7.666507468543987,-6.021820339972457,3
0.6404603632458028,3.349569404588244,0
1.2079697831656604,6.025381229599905,0
-8.758836444526949,-4.844281042086564,3
1.8540278587626442,3.44540946169728,0
-4.199415258048069,-1.5341604471095118,1
7.591725981954103,7.758210283750068,2
8.87278218614042,8.890479774090014,2
0.6681012216951017,3.4659533706387444,0
-4.900175653084806,-0.47403488967952867,1
-6.589207325247903,-0.4275789834692405,1
-3.7925906773653897,1.1695219768427725,1
-6.625688381783802,-5.376541012400295,3
2.549394350791548,6.0544180065046405,0
6.6724253717284885,8.901226233802838,2
8.377834655301202,7.326323401808226,2
-2.6172439919667743,-0.7878489725392448,1
1.669552958060677,3.922073809877218,0
-0.58800364318854,6.56491066957328,0
-0.10675573140542216,6.211006215782609,0
6.495607714905665,9.82090563438577,2
8.186817078191432,10.128627281206086,2
-1.0715063494886792,0.851866043258261,1
9.021677804277036,9.68179964432254,2
-9.279588665442562,-4.751939126402455,3
1.6703062236294026,5.494845036592553,0
8.853432618675171,9.751634671176031,2
-6.375443272997442,-0.5520726052366158,1
7.986452202222755,7.487590814793143,2
-6.148245415679467,-5.474182925410443,3
2.1335424510995655,7.127122627051549,0
0.718522666497063,7.849337891798372,0
7.811687533540911,8.6392096442604,2
-4.6573185318356005,1.0610866188628159,1
-4.891176433039638,-6.283901000876652,3
-5.849384733490034,-7.630740551883636,3
6.770033029262926,6.226767584828441,2
9.68572687215511,7.3773514564282845,2
-8.36993375293141,-5.5057656693046635,3
-1.214029054889632,6.2758968906355355,0
-7.7498454163257815,-2.698369926586895,3
-5.313817881405991,0.31182632393320997,1
-6.494626893941296,-7.033462116333277,3
-6.509877876330304,2.080249076072669,1
1.8690156450789057,6.661843979379959,0
8.905187236403364,7.344672889036133,2
6.834941392498449,8.295309713162238,2
-9.340300571166374,-8.304143419753505,3
-7.5605664386513025,-6.224490308263797,3
-4.396063870715591,-1.2374461680860747,1
-2.712034193873011,0.10097148147977172,1
-8.34691959036885,-5.511712884955506,3
3.3558978177301677,3.4083436230654667,0
1.7911543826464873,3.514091888137279,0
-5.103957048878245,-2.480423520746002,1
8.773250663905467,6.431772427032801,2
-6.268567462141418,-5.725830727748677,3
-8.46704295203698,-6.645492195742518,3
-4.091067463247561,1.3350376517392615,1
0.19791813006221348,1.843240478987643,0
7.418331501469091,7.4242355215827125,2
8.4423067288736,7.488403038560173,2
-8.8551913531364,-6.440737747487183,3
0.5407506702709134,5.31506736738578,0
8.044340177067848,7.149698498059836,2
-3.606064735501752,-1.671960644889916,1
-6.024755360420675,-9.530580140754132,3
0.9868909260351838,5.329391050126574,0
-6.232361594724438,-3.6874493759130624,3
-9.789515952373945,-4.564811902139505,3
6.143881240061992,8.299949482557754,2
-2.091282641704324,0.5151089144748371,1
1.2453766056352318,2.5666635414573093,0
2.4895092028787493,2.511355007194882,0
-4.4839613150023,0.929513084605921,1
-6.8269699063729,-9.04805034428292,3
8.269496840537226,8.617810303310291,2
-6.11202747534931,-4.815798131957793,3
-6.420088083957433,-5.34183485543634,3
-6.50425544301744,0.7828010085795747,1
-3.7231507988598715,-1.1674671667579308,1
-7.876274438103118,-3.994846081357627,3
-5.832620030337342,1.1992009047471375,1
-3.6467871969758914,1.5054986278329938,1
-7.28426555559414,-5.020980368857829,3
-7.306335286656212,-7.599786096227865,3
1.7483217904461372,3.9088011670669784,0
9.40813078263349,6.458189209894936,2
8.169658879939734,5.092942533553026,2
-6.096923316143724,-6.790874879227483,3
-4.569606976419605,-6.964911764797303,3
7.687250932847479,8.778824681070596,2
5.61839991956419,6.099503282272864,2
1.873512871231955,6.225533548209713,0
-3.1734962592736196,-1.8779350278072764,1
2.0028282591489783,1.4145444183323654,0
-4.903423404048077,-0.631104713611566,1
-8.437710992550949,-4.362564539148688,3
1.6728779684116324,7.071424142962837,0
-2.6402267781184325,-0.015289708771672128,1
-4.97329048003044,-0.2983451899270507,1
-4.316984519106838,1.4444994128441324,1
-2.029632279175938,2.721793787041195,0
1.598177312785506,5.508080060976945,0
1.4393532728352834,1.5961210481708896,0
7.5602220286927855,4.680531033479584,2
-3.3885105332859453,-0.3337547186543801,1
1.0910085147567996,3.5559403304607593,0
1.8348144516151392,2.6245866530294464,0
8.055907406593366,8.816680353021413,2
-1.009332865035116,6.564355263995721,0
-6.602606865304108,-8.375064695689051,3
7.101997243501968,8.72500691871516,2
-8.486749724525133,-5.259982446739145,3
-6.9282073775093735,-4.0488983282127045,3
-0.20064127588311154,5.639404862205447,0
-5.4797451326618125,-0.9250434603232915,1
11.654813185608035,10.975463889600833,2
-4.500869503678006,-0.7456435270950849,1
-4.588908454036495,1.9514671008415712,1
-9.024038112816617,-7.324943304963525,3
-8.85988711558727,-6.694044295793438,3
-4.720706187517613,-0.5750823513265062,1
2.6605121361242894,3.354766786589293,0
11.041410370399545,7.327921430028644,2
2.535733214321251,5.44215321379332,0
-5.632068909635658,2.0587256740744744,1
2.3273866354072896,2.222651504479419,0
2.588179319860892,6.163563181525825,0
2.266392799670189,6.287176865027973,0
-3.5432375274009864,-0.35538570263095837,1
-0.3440412007219995,5.6758993080246265,0
7.569592076328942,6.867715023368669,2
-7.414366260698991,-4.9699157244784855,3
0.8918458292678195,3.2224554371263245,0
-7.282762338768392,-6.386980712398231,3
6.591842423589813,5.0683897246075,2
-10.302080885513307,-3.044844493388033,3
-8.511397038385137,-7.206807022609234,3
2.6579376702896385,5.122494985166767,0
1.4121477855560545,4.176175832231838,0
1.6212624493476453,3.0568091273477807,0
5.379217614835326,9.084459884578445,2
0.7897234879265228,5.875256099227903,0
-5.988580681760403,1.6421606688329717,1
-8.42186338034812,-4.900966903765157,3
-8.020644112864336,-9.054301500331661,3
-7.310341631926135,-3.3999025487508754,3
-8.862153829312135,-4.9566207031170615,3
8.42844635851526,5.724410578182652,2
-5.25865013792472,-0.9041673179389416,1
-2.5913421120062257,-1.7293856601690039,1
8.197490256425121,7.644839073484097,2
0.43896328804573537,4.228444484741732,0
1.7416405728923048,5.1772810521566885,0
-9.637147859829462,-5.152756469559494,3
